"CUSTOMER_ID","CUSTOMER_NAME","CUSTOMER_NUMBER","CUSTOMER_TYPE","CUSTOMER_STATUS","SALES_REP","DEFAULT_INVOICE_EMAIL_ADDRESS","CREATED_DATE"
62420,"Southern Graphics Systems, LLC","0000000385","Standard","Regular","Alex Hay","acctspayAMER-Invoice@propelis.com",2021-08-16
284619,"Empirical - Momentara","0000000960","Standard","Regular","Alex Hay","michael@empirical-inc.com",2026-06-25
283008,"Tranky's Tacos","0000000900","Standard","Regular","Alex Hay","cheflupe@trankystacos.com",2026-04-21
282850,"Rain Fresh Water","0000000897","Standard","Regular","Alex Hay","rainfreshcc@gmail.com",2026-04-15
196299,"Kinective Media","0000000652","Standard","Regular","Alex Hay","",2025-01-21
125239,"Empirical","0000000526","Standard","Regular","Alex Hay","michael@empirical-inc.com",2023-06-30
274436,"Dude Sweet Chocolate","0000000787","Standard","Regular","Alex Hay","katherine@dudesweetchocolate.com",2025-10-14
60506,"Phoenix Social","0000000369","Standard","Regular","Kara Longhurst","michael@empirical-inc.com",2021-04-06
74135,"Outfront Media - Denver","0000000406","Standard","Regular","Kara Longhurst","outfrontmedia@filebridgemail.com",2022-02-22
1249,"LTL Demo","0000000152","Standard","Regular","Pablo Picasso","jmitt@ltlco.com,drown-92.coaxes@icloud.com",2016-09-07
60239,"Street Level Media","0000000365","Standard","Regular","Nate Bramel","",2021-03-09
61873,"Flextronics America, LLC","0000000380","Standard","Regular","Nate Bramel","apsupport@flex.com",2021-07-15
223283,"Mac Papers + Packaging","0000000704","Standard","Regular","Nate Bramel","accpay@macpapers.com",2025-05-13
221664,"Grinds","0000000672","Standard","Regular","Nate Bramel","robdartz@aol.com",2025-02-27
284654,"DAV","0000000962","Standard","Regular","Nate Bramel","JCox2@DAV.ORG",2026-06-26
78557,"Boxed Media","0000000442","Standard","Regular","Nate Bramel","joe@boxed-media.com",2022-06-14
196578,"Global Sourcing d/b/a Coefficient","0000000657","Standard","Regular","Nate Bramel","accountspayable@coefficient-global.com",2025-01-31
196169,"Benchmark","0000000650","Standard","Regular","Nate Bramel","nh.ap@bench.com;sophary.kem@bench.com",2025-01-13
174768,"The Madison Place","0000000554","Standard","Regular","Nate Bramel","connect@themadisonplace.com",2023-11-20
281806,"Seen Media","0000000858","Standard","Regular","Nate Bramel","ap@seenmedia.com; melanie.milbauer@seenmedia.com",2026-03-05
60177,"Key Me Locksmith","0000000364","Retail","Regular","Nate Bramel","invoices@key.me;riley.brown@key.me",2021-03-02
279288,"Outfront Truck Decals","0000000833","Agency","Regular","Nate Bramel","jeff.marcheso@outfront.com",2026-01-23
105313,"ViaCore","0000000512","Broker","Regular","Mark Pohlkamp","accounting@viacorenutrition.com",2023-06-07
1423,"Artworks","0000000260","Standard","Regular","Mark Pohlkamp","Megan@Artworkscincinnati.org",2018-09-25
222005,"Champion Graphics","0000000679","Standard","Regular","Mark Pohlkamp","accounting@champion-graphics.com",2025-03-21
222899,"RO Dev","0000000697","Standard","Regular","Mark Pohlkamp","",2025-04-25
222043,"Sturdy Sauce","0000000680","Standard","Regular","Mark Pohlkamp","rhett@sturdysauce.com",2025-03-25
94566,"South Beach Syrups","0000000488","Standard","Regular","Mark Pohlkamp","michael@southbeachsyrup.com",2023-03-27
95306,"Sunrose Inc","0000000503","Standard","Regular","Mark Pohlkamp","sr@sunroseinc.com",2023-05-18
95310,"Sweet Bake Desserts","0000000504","Standard","Regular","Mark Pohlkamp","helen@cafelerou.com;pete@cafelerou.com",2023-05-19
94321,"York Street Market","0000000484","Standard","Regular","Mark Pohlkamp","accounting@yorkstreetfresh.com",2023-03-06
282627,"Incredibly Fake Meds","0000000888","Standard","Regular","Mark Pohlkamp","mrrich@fakemail.net",2026-04-07
282669,"Delete Me Incorporated","0000000889","Standard","Regular","Mark Pohlkamp","dmimoney@fakemail.net",2026-04-08
283650,"partner api","0000000922","Standard","Regular","Mark Pohlkamp","rosidi7941@acanok.com",2026-05-15
222980,"Wildwood Grilling","0000000698","Standard","Regular","Mark Pohlkamp","",2025-04-30
222619,"Anna &amp; Eve","0000000689","Standard","Regular","Mark Pohlkamp","anna@annaandeve.com",2025-04-09
197249,"Divine Design Manufacturing","0000000667","Standard","Regular","Mark Pohlkamp","",2025-02-20
196948,"Saxa Foods","0000000658","Standard","Regular","Mark Pohlkamp","saxafoods@gmail.com",2025-01-31
222582,"Hive To Table Honey Farms","0000000688","Standard","Regular","Mark Pohlkamp","",2025-04-07
196304,"Cinderella Hair","0000000653","Standard","Regular","Mark Pohlkamp","carol@cinderellahair.com",2025-01-22
187087,"RedCamper","0000000624","Standard","Regular","Mark Pohlkamp","maurag@redcamper.com",2024-09-06
187586,"Tularosa Vineyards","0000000641","Standard","Regular","Mark Pohlkamp","silverbulletbarcasino@gmail.com",2024-10-21
187565,"SMP","0000000640","Standard","Regular","Mark Pohlkamp","AP@smpnutra.com;purchasing@smpnutra.com",2024-10-18
186981,"Nature Nux","0000000619","Standard","Regular","Mark Pohlkamp","",2024-08-27
187600,"Bioactive, LLC","0000000642","Standard","Regular","Mark Pohlkamp","",2024-10-22
186473,"Evolution Salt*","0000000610","Standard","Regular","Mark Pohlkamp","accounting@evolutionsalt.com;lexi@evolutionsalt.com",2024-07-10
186672,"Catalyst Nutrition","0000000617","Standard","Regular","Mark Pohlkamp","",2024-07-29
187377,"Olivarez Honey-old","0000000634","Standard","Regular","Mark Pohlkamp","ap@ohbees.com",2024-10-01
187123,"Malettas Craft Hot Sauce","0000000627","Standard","Regular","Mark Pohlkamp","",2024-09-10
187176,"UDF","0000000628","Standard","Regular","Mark Pohlkamp","",2024-09-13
186802,"TS Goods, Inc.","0000000618","Standard","Regular","Mark Pohlkamp","brittany@marymacks.com",2024-08-08
177360,"BF Suma","0000000590","Standard","Regular","Mark Pohlkamp","wendy.cheung@bfsuma.com",2024-04-11
181072,"Urban Remedy","0000000595","Standard","Regular","Mark Pohlkamp","",2024-04-26
177294,"505 Spirits LLC","0000000589","Standard","Regular","Mark Pohlkamp","anna@505spirits.com",2024-04-08
181451,"Food Innovations","0000000605","Standard","Regular","Mark Pohlkamp","accounting@innovatefood.com",2024-05-23
176936,"Shank's Extracts","0000000576","Standard","Regular","Mark Pohlkamp","",2024-03-13
174972,"Red Gold","0000000557","Standard","Regular","Mark Pohlkamp","",2023-12-11
175025,"Andalucia Nuts","0000000560","Standard","Regular","Mark Pohlkamp","JOHNNY@ANDALUCIANUTS.COM",2023-12-14
177027,"Eagle Beverage Products","0000000577","Standard","Regular","Mark Pohlkamp","accounts@Eagle-Beverage.com",2024-03-20
181411,"ProAmerica 360","0000000602","Standard","Regular","Mark Pohlkamp","Hello@proamerica360.com;bryce@proamerica360.com",2024-05-20
175320,"Endless West","0000000568","Standard","Regular","Mark Pohlkamp","carrie.m@endlesswest.com",2024-01-18
177169,"Bachans","0000000584","Standard","Regular","Mark Pohlkamp","bachansap@bill.com",2024-03-28
177240,"Mi Rancho","0000000586","Standard","Regular","Mark Pohlkamp","",2024-04-04
177242,"Galena Roasters","0000000587","Standard","Regular","Mark Pohlkamp","",2024-04-04
174906,"Bioriginal","0000000556","Standard","Regular","Mark Pohlkamp","",2023-12-05
174382,"Maple Bourbon","0000000550","Standard","Regular","Mark Pohlkamp","info@maplebourbonrva.com",2023-10-24
175060,"The International Academy of Wine and Food","0000000562","Standard","Regular","Mark Pohlkamp","",2023-12-19
175472,"Foods Alive","0000000572","Standard","Regular","Mark Pohlkamp","",2024-02-01
125208,"Miss Mary's Mix Inc.","0000000524","Standard","Regular","Mark Pohlkamp","rtimm@missmarysmix.com",2023-06-29
125112,"Sugar Llamas","0000000518","Standard","Regular","Mark Pohlkamp","djones@sugarllamas.com",2023-06-21
175053,"Caruso Foods","0000000561","Standard","Regular","Mark Pohlkamp","CarusoInvoices@carusologistics.com",2023-12-18
275400,"Vitality","0000000801","Standard","Regular","Mark Pohlkamp","retailers@vitality.ca",2025-11-24
273545,"Tahitian Gold Co","0000000757","Standard","Regular","Mark Pohlkamp","matai@tahitiangoldco.com;accounting@tahitiangoldco.com",2025-09-11
273592,"Olivarez Honey","0000000759","Standard","Regular","Mark Pohlkamp","sheldon@ohbees.com;ap@ohbees.com",2025-09-12
274119,"Center For Cause Awareness","0000000781","Standard","Regular","Mark Pohlkamp","Geoffrey.Schaber@outlook.com",2025-10-03
197252,"Spot On","0000000668","Retail","Regular","Mark Pohlkamp","admin@spoton3pl.com",2025-02-20
223188,"KEX Consulting","0000000703","Agency","Regular","Mark Pohlkamp","scott@kexconsulting.com",2025-05-08
226323,"KEX Consultants","0000000715","Agency","Regular","Mark Pohlkamp","design@kexconsulting.com",2025-06-16
94907,"Sugarland Distilling Company","0000000496","Craft Beer","Regular","Mark Pohlkamp","accounting@sugarlands.com",2023-04-20
94287,"Wild Ohio Brewery","0000000481","Craft Beer","Regular","Mark Pohlkamp","jacob.augustin@wildohiobrewing.com",2023-03-03
94312,"Alematic Brewery","0000000483","Craft Beer","Regular","Mark Pohlkamp","mike@alematicbrewing.com",2023-03-06
283651,"cbp partner api","0000000923","Craft Beer","Regular","Mark Pohlkamp","rosidi7941@acanok.com",2026-05-15
284398,"henabis comp","0000000947","Craft Beer","Regular","Mark Pohlkamp","henabis724@aratrin.com",2026-06-16
197218,"Saint Benedicts Brew Works","0000000665","Craft Beer","Regular","Mark Pohlkamp","",2025-02-19
223013,"Beaver Dam Brewing","0000000701","Craft Beer","Regular","Mark Pohlkamp","kevinmbasso@gmail.com",2025-05-01
223689,"Wildrose Brewing","0000000705","Craft Beer","Regular","Mark Pohlkamp","d2@wildrosebrewing.com",2025-05-28
223918,"cocoon brewing","0000000714","Craft Beer","Regular","Mark Pohlkamp","mike@cocoonbrewing.com",2025-06-11
187019,"Howards Creek","0000000622","Craft Beer","Regular","Mark Pohlkamp","",2024-08-29
187012,"Dead Low Brewing","0000000621","Craft Beer","Regular","Mark Pohlkamp","hello@deadlowbrewing.com",2024-08-28
125202,"Lock 15 Brewing","0000000523","Craft Beer","Regular","Mark Pohlkamp","",2023-06-28
275497,"Derive Brewing Co.","0000000804","Craft Beer","Regular","Mark Pohlkamp","adam@derivebeer.com",2025-12-01
94308,"Sahah Naturals","0000000482","Private Label","Regular","Mark Pohlkamp","accounting@sahahnaturals.com;lking@sahahnaturals.com",2023-03-06
222646,"STPCA (dba Sun Ten Laboratories)","0000000691","Private Label","Regular","Mark Pohlkamp","jchang@sunten.com",2025-04-10
187309,"Leroux Creek Food Corp.","0000000630","Private Label","Regular","Mark Pohlkamp","Bookkeeper@lerouxcreek.com;Sarah@lerouxcreek.com",2024-09-25
181668,"FreshBev Solutions","0000000607","Private Label","Regular","Mark Pohlkamp","ryan@freshbevco.com",2024-06-07
177261,"Icelandirect","0000000588","Private Label","Regular","Mark Pohlkamp","AP@icelandirect.com",2024-04-05
181378,"Freedom Packers","0000000601","Private Label","Regular","Mark Pohlkamp","Accounting@FreedomPackers.com;hello@freedompackers.com",2024-05-16
273958,"Southern Classic Food Group","0000000776","Private Label","Regular","Mark Pohlkamp","AP@southernclassicfood.com",2025-09-26
222542,"Mountain Meadow Herbs","0000000684","Brand-Direct","Regular","Mark Pohlkamp","billing@mmherbs.com;purchases@mmherbs.com",2025-04-04
223827,"Dvine Cookies","0000000710","Brand-Direct","Regular","Mark Pohlkamp","rebecca@dvinecookies.com",2025-06-05
223720,"AMF Pharma","0000000707","Brand-Direct","Regular","Mark Pohlkamp","arcman.acct@arcmanusa.com",2025-05-30
222468,"Omne Diem","0000000682","Brand-Direct","Regular","Mark Pohlkamp","accounting@omnediem.com",2025-03-31
223749,"Choice Products","0000000708","Brand-Direct","Regular","Mark Pohlkamp","amyb@choice-products.com",2025-06-02
222517,"Bianchi Candle","0000000683","Brand-Direct","Regular","Mark Pohlkamp","nic@bianchicandleco.com",2025-04-03
222858,"Nana's Special Sauce","0000000696","Brand-Direct","Regular","Mark Pohlkamp","ron@nanasspecialsauce.com",2025-04-23
94043,"Capital Nutrition","0000000476","Brand-Direct","Regular","Mark Pohlkamp","mhart@capitalnutrition.ca",2023-02-13
95130,"Shake This","0000000501","Brand-Direct","Regular","Mark Pohlkamp","admin@shakethis.com;kent@shakethis.com",2023-05-05
282754,"Boombox Beverages","0000000892","Brand-Direct","Regular","Mark Pohlkamp","steph@boomboxbeverage.com",2026-04-13
197266,"Crave Inc.","0000000669","Brand-Direct","Regular","Mark Pohlkamp","customerservice@craveco.com",2025-02-21
197214,"EatUP Original","0000000664","Brand-Direct","Regular","Mark Pohlkamp","management@eatuporiginal.com",2025-02-19
223706,"Aroma Retail","0000000706","Brand-Direct","Regular","Mark Pohlkamp","mike@aromaretail.com;purchasing@aromaretail.com",2025-05-29
223868,"Blue Green Gaia","0000000711","Brand-Direct","Regular","Mark Pohlkamp","hello@bluegreengaia.com",2025-06-09
197171,"Karmalize Me","0000000661","Brand-Direct","Regular","Mark Pohlkamp","amit@karmalize.me",2025-02-15
197211,"Brecx","0000000663","Brand-Direct","Regular","Mark Pohlkamp","finance@brecx.com",2025-02-18
222572,"Mary Mack's","0000000686","Brand-Direct","Regular","Mark Pohlkamp","jimFAKE@marymacks.com",2025-04-07
186542,"CUATRO MAMAS","0000000613","Brand-Direct","Regular","Mark Pohlkamp","Nancy@cuatromamas.com",2024-07-16
188062,"Frontier Co-op","0000000645","Brand-Direct","Regular","Mark Pohlkamp","",2024-12-02
177131,"Connect Roasters","0000000581","Brand-Direct","Regular","Mark Pohlkamp","billing@connectroasters.com",2024-03-26
175332,"Columbus Vegetable Oils","0000000570","Brand-Direct","Regular","Mark Pohlkamp","acctpayable@cvoils.com;JHinrichs@CVOils.com",2024-01-19
275794,"Refuah V'Chesed","0000000813","Brand-Direct","Regular","Mark Pohlkamp","mendel@capitalnutrition.ca",2025-12-11
275801,"Genesis Factors","0000000814","Brand-Direct","Regular","Mark Pohlkamp","jeffclarke@genesisfactors.com",2025-12-12
255376,"Blue Collar Nutrition","0000000717","Brand-Direct","Regular","Mark Pohlkamp","brock@blue-collarnutrition.com",2025-06-21
255702,"505 Spirits","0000000718","Brand-Direct","Regular","Mark Pohlkamp","anna@505spirits.com",2025-07-01
255774,"Sara's Gelato","0000000719","Brand-Direct","Regular","Mark Pohlkamp","jonathan@sarasgelato.com",2025-07-06
226406,"Luna Bakery Cafe","0000000716","Brand-Direct","Regular","Mark Pohlkamp","grace.schlemFAKE@gmail.com",2025-06-19
274099,"The Sweet Spigot","0000000779","Brand-Direct","Regular","Mark Pohlkamp","sweetspigot@gmail.com",2025-10-03
274666,"Appalachian Botanical","0000000788","Brand-Direct","Regular","Mark Pohlkamp","jsheppard@appalachianbotanical.com",2025-10-23
273503,"South Beach Syrups","0000000753","Brand-Direct","Regular","Mark Pohlkamp","michael@southbeachsyrup.com",2025-09-10
273949,"Free Bean","0000000775","Brand-Direct","Regular","Mark Pohlkamp","adam@freebean.co",2025-09-26
275129,"Evolution Salt","0000000796","Brand-Direct","Regular","Mark Pohlkamp","lexi@evolutionsalt.com",2025-11-12
273853,"East Wind Nut Butters","0000000770","Brand-Direct","Regular","Mark Pohlkamp","Thorsen@eastwindnutbutters.com",2025-09-23
273877,"Zatural","0000000772","Brand-Direct","Regular","Mark Pohlkamp","zeb@zatural.com",2025-09-24
279247,"The Green Coffee Company","0000000831","Brand-Direct","Regular","Mark Pohlkamp","wayne.d@gcc-coffee.com",2026-01-21
281190,"Uncle Jammy's &amp; Co.","0000000846","Brand-Direct","Regular","Mark Pohlkamp","jamal@unclejammys.com",2026-02-12
280844,"Once Again Nut Butter","0000000838","Brand-Direct","Regular","Mark Pohlkamp","cclark@onceagain.com",2026-02-03
89255,"ReversedOut","0000000458","Standard","Special","Mark Pohlkamp","adam@reversedout.com",2022-10-05
273729,"SEPTA","0000000762","Broker","Regular","Darrin Day","WHerzog@septa.org cojackson@septa.org",2025-09-18
1084,"Matrix Media","0000000043","Standard","Regular","Darrin Day","vsowell@matrixmediaservices.com;production@matrixmediaservices.com",2016-01-15
1411,"Outfront Media Boston","0000000250","Standard","Regular","Darrin Day","invoices@outfront.com",2018-08-22
2188,"Delta Media","0000000271","Standard","Regular","Darrin Day","Invoice@deltaoohmedia.com",2018-10-19
1377,"Visual Print Group","0000000220","Standard","Regular","Darrin Day","kaylee@visualgroupllc.com",2017-10-25
1419,"Outdoor Imaging","0000000256","Standard","Regular","Darrin Day","vendor@oiproduction.com",2018-09-19
1421,"Mad Outdoor Inc","0000000258","Standard","Regular","Darrin Day","dmalay@aol.com",2018-09-19
2184,"Reagan Outdoor Advertising","0000000267","Standard","Regular","Darrin Day","Indy_Purchasing@reaganusa.com",2018-10-15
6404,"Street Media Group","0000000279","Standard","Regular","Darrin Day","michelle.hanson@streetmediagroup.com",2019-01-08
29211,"Henderson Sign Co.","0000000293","Standard","Regular","Darrin Day","saleshendersonsigns@gmail.com",2019-04-22
30791,"Brooklyn Outdoor","0000000308","Standard","Regular","Darrin Day","finance@brooklynoutdoor.com",2019-08-06
29123,"ABM Aviation","0000000285","Standard","Regular","Darrin Day","paul.harvey@abm.com",2019-03-08
29225,"Massive Media","0000000294","Standard","Regular","Darrin Day","ap@massivemediainc.com",2019-04-26
29530,"Street Speak Media, LLC","0000000305","Standard","Regular","Darrin Day","kernwt@streetspeakmedia.com",2019-07-12
29466,"Interstate Outdoor Advertising","0000000304","Standard","Regular","Darrin Day","nelstein@interstateoutdoor.com",2019-06-24
29243,"Fowler Printing & Graphics, Inc.","0000000296","Standard","Regular","Darrin Day","Joanne@fowlerprinting.com",2019-05-03
35859,"REMAX Marketing Fund, LLC","0000000322","Standard","Regular","Darrin Day","",2019-11-07
30912,"Design Communincations Ltd.","0000000315","Standard","Regular","Darrin Day","invoices@dclboston.com",2019-08-29
31042,"American Outdoor","0000000317","Standard","Regular","Darrin Day","americanoutdooradv@gmail.com",2019-10-03
36579,"Schoenfelder Renovations, Inc.","0000000327","Standard","Regular","Darrin Day","tiffany@schoenfelderrenovations.com",2019-12-20
36604,"Michigan Building Design & Services","0000000328","Standard","Regular","Darrin Day","mkuna92@yahoo.com",2020-01-13
39071,"Weaver Media, LLC","0000000340","Standard","Regular","Darrin Day","tracey@weavermedia.us;holly@weavermedia.us",2020-03-23
39020,"Side Car Media","0000000338","Standard","Regular","Darrin Day","susan.babin@sidecarmedia.com",2020-03-02
45805,"Tiffany Outdoor","0000000349","Standard","Regular","Darrin Day","barbara@tiffanyoutdoor.net",2020-07-31
60585,"Maerd Solutions, LLC","0000000370","Standard","Regular","Darrin Day","info@maerdworks.com",2021-04-16
60940,"TB3 Media","0000000375","Standard","Regular","Darrin Day","Trey@tb3media.com",2021-06-02
60445,"Veritas Media Group","0000000367","Standard","Regular","Darrin Day","production@veritasmediagroup.com",2021-03-30
59323,"LatinWorks dba THIRD EAR-Texas Lottery","0000000357","Standard","Regular","Darrin Day","kbrown@hrhtexas.com;tlipton@hrhtexas.com",2020-10-22
60365,"REMAX of Reading","0000000366","Standard","Regular","Darrin Day","sschirmer@goberkscounty.com",2021-03-19
94117,"Departure Media Airport Advertising","0000000479","Standard","Regular","Darrin Day","lhoopes@departure-media.com",2023-02-17
94460,"HaulerAds Corp. DBA Movia","0000000486","Standard","Regular","Darrin Day","philip@movia.media",2023-03-17
74088,"Drifted Iron Forge LLC","0000000405","Standard","Regular","Darrin Day","Driftediron@gmail.com",2022-02-18
70083,"K&R Solutions Group","0000000398","Standard","Regular","Darrin Day","accounting@krsolutionsgroup.com",2022-01-10
73764,"Steamatic of Connecticut, LLC","0000000402","Standard","Regular","Darrin Day","officemanager@steamaticct.com",2022-02-03
70311,"Dudak Production, Inc.","0000000400","Standard","Regular","Darrin Day","joe.dudak@dudakproductioninc.com",2022-01-28
74570,"Binca LLC","0000000407","Standard","Regular","Darrin Day","agaravito@bincaimaging.com",2022-03-02
282479,"LatinWorks dba THIRD EAR, Texas Lottery – TDLR - DONT USE","0000000883","Standard","Regular","Darrin Day","kbrown@hrhtexas.com;tlipton@hrhtexas.com",2026-04-01
93717,"Immortal Seats","0000000472","Standard","Regular","Darrin Day","michael.sorkin@immortalseats.com",2023-01-23
89751,"TALON","0000000463","Standard","Regular","Darrin Day","accountspayableus@talonoutdoor.com",2022-11-17
93216,"The Outdoor Link","0000000468","Standard","Regular","Darrin Day","michael@theoutdoorlink.com",2023-01-03
82580,"Kiosk","0000000453","Standard","Regular","Darrin Day","jeniffer@kiosk.tm",2022-08-15
82838,"Hiebing","0000000454","Standard","Regular","Darrin Day","mediainvoices@hiebing.com",2022-08-19
82920,"Wellcom US","0000000455","Standard","Regular","Darrin Day","accountspayable@wellcomww.com",2022-08-26
78535,"3 Birds Print LLC","0000000441","Standard","Regular","Darrin Day","accounting@3birdsprint.com",2022-06-10
78723,"JRT Realty Group, Inc.","0000000445","Standard","Regular","Darrin Day","kelly.moriwaki@jrtrealty.com",2022-06-29
222765,"Kelley's Signs, Inc.","0000000693","Standard","Regular","Darrin Day","kelleysigns@atmc.net",2025-04-17
195844,"The Hyland Effect, LLC","0000000647","Standard","Regular","Darrin Day","brigg@hylandeffect.com",2024-12-20
195970,"Christian Aid Ministries","0000000648","Standard","Regular","Darrin Day","billboard.invoices@camoh.org",2024-12-30
197245,"NMB Media","0000000666","Standard","Regular","Darrin Day","frank@nmbmedia.com",2025-02-20
180862,"In Plaza Advertising, INC","0000000594","Standard","Regular","Darrin Day","curr123955@aol.com",2024-04-24
174766,"Big City Outdoor, LLC","0000000553","Standard","Regular","Darrin Day","Abe@BigCityOutdoor.com",2023-11-20
175219,"Single Source Printing","0000000567","Standard","Regular","Darrin Day","doloresb@singlesourceus.com",2024-01-09
125068,"MCG Print, LLC","0000000514","Standard","Regular","Darrin Day","sean@mcgprint.com",2023-06-19
175131,"Verde Outdoor","0000000564","Standard","Regular","Darrin Day","vogap@verdeoutdoor.com",2024-01-02
256489,"Cornerstone Equipment","0000000734","Standard","Regular","Darrin Day","Matt.Behne@KyCornerstone.com",2025-08-01
274154,"Envisionit Agency","0000000782","Standard","Regular","Darrin Day","accounting@envisionitagency.com",2025-10-06
281854,"Inline Media","0000000859","Standard","Regular","Darrin Day","bduffy@inlinemedia.com",2026-03-09
282005,"Clear Channel Outdoor","0000000864","Standard","Regular","Darrin Day","clearchannel.image@send2image.com",2026-03-16
281329,"GASKILL SIGNS, INC.","0000000850","Standard","Regular","Darrin Day","kimberlygaskill@yahoo.com",2026-02-17
280827,"Emico Media","0000000837","Standard","Regular","Darrin Day","accounting@emicomedia.com",2026-02-03
276160,"Outfront-Columbus, OH","0000000826","Agency","Regular","Darrin Day","invoices@outfront.com",2026-01-06
273636,"Outfront-New Jersey","0000000760","Agency","Regular","Darrin Day","invoices@outfront.com",2025-09-15
273469,"Outfront-Nashville","0000000751","Agency","Regular","Darrin Day","invoices@outfront.com",2025-09-09
273466,"Outfront-Louisville","0000000749","Agency","Regular","Darrin Day","invoices@outfront.com",2025-09-09
273793,"Outfront-Atlanta","0000000765","Agency","Regular","Darrin Day","invoices@outfront.com",2025-09-22
273467,"Outfront-Memphis","0000000750","Agency","Regular","Darrin Day","invoices@outfront.com",2025-09-09
273835,"Outfront-Virginia","0000000767","Agency","Regular","Darrin Day","invoices@outfront.com",2025-09-23
273872,"Outfront-North Carolina","0000000771","Agency","Regular","Darrin Day","invoices@outfront.com",2025-09-24
274762,"Interboro Signs & Electric Inc.","0000000790","Agency","Regular","Darrin Day","cindy@interborosigns.com",2025-10-28
273849,"Outfront-Detroit","0000000769","Agency","Regular","Darrin Day","invoices@outfront.com",2025-09-23
273783,"Outfront-Hartford/New Haven","0000000764","Agency","Regular","Darrin Day","invoices@outfront.com",2025-09-22
273794,"CANCEL","0000000766","Agency","Regular","Darrin Day","invoices@outfront.com",2025-09-22
281528,"Outfront-Minnesota","0000000855","Agency","Regular","Darrin Day","invoices@outfront.com",2026-02-23
45669,"Big Buck Brewery","0000000347","Craft Beer","Regular","Darrin Day","shawn.s@bigbuckbrewery.com",2020-06-25
125023,"Kuhnhenn Brewing Co","0000000513","Craft Beer","Regular","Darrin Day","kbrewery@gmail.com",2023-06-14
1261,"OOHA Wilkins","0000000158","Broker","Regular","Ralph Garraffa","AP@wilkinsmedia.com;sseepaul@wilkinsmedia.com;cecily@wilkinsmedia.com",2016-12-08
1402,"Project X Media","0000000245","Broker","Regular","Ralph Garraffa","billing@pjxmedia.com;bookkeeping@pjxmedia.com;production@pjxmedia.com",2018-05-01
1063,"AF Graphics","0000000022","Standard","Regular","Ralph Garraffa","timcrom59@aol.com",2016-01-15
1091,"NYC ADS Co","0000000050","Standard","Regular","Ralph Garraffa","Benpohk@gmail.com;ben@nycadsco.com;lenny@nycadsco.com",2016-01-15
1104,"Ralph G","0000000063","Standard","Regular","Ralph Garraffa","rgarraffa@ltlco.com",2016-01-15
1285,"Spanish Broadcasting Systems","0000000170","Standard","Regular","Ralph Garraffa","sl7214@aol.com",2017-01-12
1392,"JC Decaux","0000000235","Standard","Regular","Ralph Garraffa","",2018-01-09
1408,"Mile Marker","0000000247","Standard","Regular","Ralph Garraffa","ap@milemarkeragency.com",2018-07-03
1309,"Inspiria Media","0000000182","Standard","Regular","Ralph Garraffa","rram@inspiriaoutdoor.com;aseraita@inspiriaoutdoor.com",2017-03-02
29454,"Power Media Advertising Inc","0000000303","Standard","Regular","Ralph Garraffa","accounting@powermedianyc.com",2019-06-20
28575,"All Color Printers","0000000282","Standard","Regular","Ralph Garraffa","accounting@allcolorprinters.com",2019-02-20
29369,"Insite Street Media","0000000301","Standard","Regular","Ralph Garraffa","accountspayable@insitesm.com",2019-06-05
35921,"American Media","0000000324","Standard","Regular","Ralph Garraffa","mike@americanmediabillboards.com",2019-12-04
284838,"Banzai Spa NYC","0000000967","Standard","Regular","Ralph Garraffa","banzaispamd@outlook.com",2026-07-07
282750,"F.Y. Eye","0000000891","Standard","Regular","Ralph Garraffa","andrea@fyeye.org",2026-04-13
284170,"Spektor Law","0000000942","Standard","Regular","Ralph Garraffa","dmitris@spektorlaw.com;rima@spektorlaw.com",2026-06-04
282320,"Mark M Basichas & Associates","0000000875","Standard","Regular","Ralph Garraffa","alekseyfeygin@adbokat.com",2026-03-26
282325,"Aguwa and Metu, PC","0000000876","Standard","Regular","Ralph Garraffa","aguwametu@aguwametu.com",2026-03-26
283062,"Brilla Schools Network","0000000901","Standard","Regular","Ralph Garraffa","Christy.penalo@setonpartners.com;Rachelly.crime@setonpartners.org",2026-04-22
283455,"NY Surf School","0000000916","Standard","Regular","Ralph Garraffa","nysurfschool@gmail.com",2026-05-07
78794,"Graf Media Group","0000000448","Standard","Regular","Ralph Garraffa","Winnie@grafmediagroup.com",2022-07-08
77495,"iCatch Media","0000000414","Standard","Regular","Ralph Garraffa","abraham@icatchmedia.com",2022-03-22
196315,"StarLite Media","0000000654","Standard","Regular","Ralph Garraffa","Parcala@starlitemedia.com;Shussain@starlitemedia.com;DSullivan@starlitemedia.com",2025-01-23
221906,"Insite Street Media-National Team","0000000678","Standard","Regular","Ralph Garraffa","accountspayable@insitesm.com",2025-03-14
276132,"MAS Events","0000000824","Standard","Regular","Ralph Garraffa","maseventsnyc@gmail.com",2026-01-05
275669,"P Victory","0000000809","Standard","Regular","Ralph Garraffa","PVictoryServices@gmail.com",2025-12-08
275723,"Express Media","0000000811","Standard","Regular","Ralph Garraffa","expressmedia2202@gmail.com",2025-12-09
275670,"DX Agency","0000000810","Standard","Regular","Ralph Garraffa","JMichelson@DXAgency.com",2025-12-08
275927,"Admerasia","0000000821","Standard","Regular","Ralph Garraffa","oilinga@admerasia.com",2025-12-18
275998,"Marketing Entertainment Group","0000000822","Standard","Regular","Ralph Garraffa","Keith@marketingentertainment.net",2025-12-22
275878,"Presidental Care","0000000817","Standard","Regular","Ralph Garraffa","FMartinez@presidentialcare.com",2025-12-16
275905,"Amber Charter School","0000000819","Standard","Regular","Ralph Garraffa","ERomero@ambercharter.org",2025-12-17
275802,"Excellence Charter School","0000000815","Standard","Regular","Ralph Garraffa","invoices@excellenceschools.org",2025-12-12
275863,"Challenge Preparatory Charter School","0000000816","Standard","Regular","Ralph Garraffa","KMesser@challengecharterschools.org",2025-12-16
276187,"Launch Expeditionary Learning Charter School","0000000827","Standard","Regular","Ralph Garraffa","ARubin@Launchschool.org",2026-01-07
276289,"Brown Harris Stevens Residential Sales","0000000828","Standard","Regular","Ralph Garraffa","",2026-01-13
275882,"Harlem Village Academy","0000000818","Standard","Regular","Ralph Garraffa","GEdwards@harlemvillage.org",2025-12-16
276147,"SJD Media & Marketing","0000000825","Standard","Regular","Ralph Garraffa","heichenbaum@sjdmedia.com",2026-01-06
273907,"Trans-Ad Outdoor","0000000774","Standard","Regular","Ralph Garraffa","simeon@transadoutdoor.com",2025-09-25
282124,"BMCC","0000000868","Standard","Regular","Ralph Garraffa","invoices@bmcc.cuny.edu",2026-03-20
282039,"On A Dime Marketing","0000000866","Standard","Regular","Ralph Garraffa","Jaime@Onadimemarketing.com",2026-03-17
279217,"Marketini","0000000830","Standard","Regular","Ralph Garraffa","daniel@marketini.com",2026-01-20
1022,"Billups","0000000009","Broker","Regular","Shane Curran","invoices-us@billups.com",2015-07-14
1321,"Outdoor 24","0000000188","Broker","Regular","Shane Curran","john@outdr24.com",2017-03-24
177059,"e360 Sport","0000000579","Broker","Regular","Shane Curran","",2024-03-21
173772,"Primetime Innovations","0000000547","Broker","Regular","Shane Curran","",2023-09-06
1014,"US Soccer Federation","0000000005","Standard","Regular","Shane Curran","cvanderbeek@ussoccer.org",2015-07-13
1299,"Columbus Crew","0000000177","Standard","Regular","Shane Curran","Invoices@columbuscrew.com",2017-02-06
1307,"Hi-Rezz","0000000181","Standard","Regular","Shane Curran","OOHAP@groupm.com;lonnie.burgos@wppmedia.com",2017-02-28
5408,"Super Graphics","0000000278","Standard","Regular","Shane Curran","ap@supergraphics.com",2019-01-03
29195,"Milk Money","0000000291","Standard","Regular","Shane Curran","money@milkmoney.com",2019-04-12
29234,"Danny Wimmer Presents","0000000295","Standard","Regular","Shane Curran","",2019-05-01
36715,"Street Front Media llc","0000000334","Standard","Regular","Shane Curran","daryl@streetfrontmedia.com",2020-02-06
61884,"UC Athletics","0000000381","Standard","Regular","Shane Curran","",2021-07-16
59403,"Billups-Miller Coors","0000000358","Standard","Regular","Shane Curran","tobbie.doremus@billups.com",2020-11-04
60871,"TGI Systems Corporation","0000000374","Standard","Regular","Shane Curran","accounting@tgi.sport",2021-05-21
222987,"Distiller Works","0000000700","Standard","Regular","Shane Curran","",2025-04-30
222734,"E360 Sport","0000000692","Standard","Regular","Shane Curran","",2025-04-15
65658,"Seven Outdoor","0000000391","Standard","Regular","Shane Curran","isaac@sevenoutdoor.com",2021-09-24
95480,"City Of Avon","0000000508","Standard","Regular","Shane Curran","ewood@avon.org",2023-05-31
69506,"Colorado Rapids","0000000396","Standard","Regular","Shane Curran","",2021-10-29
282769,"Denver Summit FC","0000000893","Standard","Regular","Shane Curran","eraimondi@denversummitfc.com",2026-04-13
78687,"Lyft","0000000444","Standard","Regular","Shane Curran","accounting@lyft.com",2022-06-27
77903,"Columbus Sign Company","0000000428","Standard","Regular","Shane Curran","accounting@columbussign.com;melissahoy@columbussign.com",2022-04-21
82431,"FC Cincinnati","0000000450","Standard","Regular","Shane Curran","siefert@fccincinnati.com",2022-08-01
221661,"Dugla Distillery","0000000671","Standard","Regular","Shane Curran","radu@eightsettlers.com",2025-02-27
187240,"The Just Listen Company","0000000629","Standard","Regular","Shane Curran","",2024-09-19
180856,"Cees Smitt","0000000593","Standard","Regular","Shane Curran","",2024-04-23
181090,"Utah Youth Sports Academy Foundation","0000000596","Standard","Regular","Shane Curran","utahyouthsportsfoundation@gmail.com",2024-04-29
177055,"Episode 1 Inc","0000000578","Standard","Regular","Shane Curran","steve@episode1agency.com",2024-03-21
125228,"Giro","0000000525","Standard","Regular","Shane Curran","zleader@giro.com",2023-06-29
175101,"American Mayhem","0000000563","Standard","Regular","Shane Curran","",2023-12-21
281011,"Johnson Supplies","C4968","Standard","Regular","Shane Curran","billing@johnsonsupply.com",2026-02-05
174461,"NW Polite Society","0000000552","Agency","Regular","Shane Curran","chuck@nwpolitesociety.com",2023-10-30
222775,"Park City Brewing Company","0000000694","Craft Beer","Regular","Shane Curran","troy@parkcitybrewing.com",2025-04-17
94380,"Fisher Brewing Co","0000000485","Craft Beer","Regular","Shane Curran","office@fisherbrewing.com,tom@fisherbrewing.com",2023-03-10
94797,"SaltFire Brewing Company","0000000492","Craft Beer","Regular","Shane Curran","anvil@wildflowerbk.email;ryan@saltfirebrewing.com",2023-04-12
94818,"Third Eye Brewing Company","0000000493","Craft Beer","Regular","Shane Curran","tom.collins@thirdeyebrewingco.com",2023-04-13
95360,"Big Timber Brewing","0000000505","Craft Beer","Regular","Shane Curran","matt@bigtimberbrewing.com",2023-05-23
94707,"Beer Dudes Mobile Canning","0000000490","Craft Beer","Regular","Shane Curran","accounting@beerdudescanning.com",2023-04-05
94871,"Narrow Path Brewery Co","0000000495","Craft Beer","Regular","Shane Curran","narrowpathbrewing@gmail.com",2023-04-18
284232,"Roosters Brewing Co","0000000943","Craft Beer","Regular","Shane Curran","julie@roostersbrewingco.com",2026-06-07
283868,"talisman brewing co","0000000934","Craft Beer","Regular","Shane Curran","dustinweston@talismanbrewingco.com",2026-05-22
284393,"Hop State Brewing","0000000945","Craft Beer","Regular","Shane Curran","ed@hopstatebrewing.com",2026-06-15
93691,"Red Rock Brewery","0000000471","Craft Beer","Regular","Shane Curran","sanya@redrockbrewing.com",2023-01-19
93259,"Offset Bier","0000000469","Craft Beer","Regular","Shane Curran","offsetbierco@gmail.com",2023-01-05
197191,"Butchertown Brewing","0000000662","Craft Beer","Regular","Shane Curran","andy@butchertownbrewingco.com",2025-02-18
222835,"Uinta Brewing Co","0000000695","Craft Beer","Regular","Shane Curran","accounting@uintabrewing.com",2025-04-22
223897,"Counter Balance Brewing","0000000712","Craft Beer","Regular","Shane Curran","lucassherrill@gmail.com",2025-06-10
196189,"Forbidden Root Restaurant and Brewery","0000000651","Craft Beer","Regular","Shane Curran","ngabriel@forbiddenroot.com",2025-01-13
186984,"Epic Brewing Company","0000000620","Craft Beer","Regular","Shane Curran","invoices@epicbrewing.com;krin@epicbrewing.com",2024-08-27
186662,"Northern Row Brewery","0000000616","Craft Beer","Regular","Shane Curran","ap@northernrow.com, joshq@northernrow.com",2024-07-26
177361,"Tidal Creek Brew House","0000000591","Craft Beer","Regular","Shane Curran","patrick@tidalcreekbrewhouse.com",2024-04-11
181298,"Vernal Brewing Company","0000000598","Craft Beer","Regular","Shane Curran","",2024-05-09
174984,"Heber Valley Brewing Company","0000000558","Craft Beer","Regular","Shane Curran","clint@hebervalleybrewing.com",2023-12-12
177212,"Fabled Brew Works","0000000585","Craft Beer","Regular","Shane Curran","ewersja@gmail.com",2024-04-02
175428,"Salt Lake Brewing Company","0000000571","Craft Beer","Regular","Shane Curran","rick@saltlakebrewingco.com",2024-01-29
173854,"Grid City Beer Works","0000000548","Craft Beer","Regular","Shane Curran","jeremy@gridcitybeerwork.com",2023-09-13
125133,"Northern Row Brewery and Distillery","0000000521","Craft Beer","Regular","Shane Curran","ap@northernrow.com;joshq@northernrow.com;brendend@northernrow.com",2023-06-23
174425,"Ogden Beer Company","0000000551","Craft Beer","Regular","Shane Curran","jacquie@ogdenbeercompany.com",2023-10-26
125109,"Bright Spark Brewing","0000000517","Craft Beer","Regular","Shane Curran","AP@brightsparkbrewing.com",2023-06-21
125174,"Listermann Brewing Company","0000000522","Craft Beer","Regular","Shane Curran","johnny@listermannbrewing.com",2023-06-27
274236,"Owensboro Brew Bridge","0000000783","Craft Beer","Regular","Shane Curran","owensborobrewbridge@gmail.com",2025-10-07
275143,"Home Range Brewing","0000000797","Craft Beer","Regular","Shane Curran","cullen@homerangebeer.com",2025-11-12
274987,"Fast Friends Beer Co","0000000795","Craft Beer","Regular","Shane Curran","ffbrewery@fastfriendsbeer.com",2025-11-06
283993,"Often Seen Rarely Spoken","0000000938","Standard","Regular","Troy Hebel","IAN@OSRSART.COM",2026-05-28
30799,"Brice Shepherd","0000000310","Standard","Regular","Andrew Johnston","brice@bigstickerinstalls.com",2019-08-07
95105,"Mr. Label","0000000500","Standard","Regular","Andrew Johnston","lisas@mrlabelco.com",2023-05-03
282998,"cpreeves","0000000899","Standard","Regular","Andrew Johnston","testmail@testmail1.com",2026-04-21
283246,"Compello Creative LLC","0000000907","Standard","Regular","Andrew Johnston","vstevens0622@gmail.com",2026-04-29
283256,"Steven Gould","0000000908","Standard","Regular","Andrew Johnston","vendorinvoicing@stephengould.com",2026-04-29
283429,"labelmatch-TDP","0000000915","Standard","Regular","Andrew Johnston","confirmations@labelmatch.com",2026-05-06
283530,"stephengouldaussie","0000000919","Standard","Regular","Andrew Johnston","vendorinvoicing@stephengould.com",2026-05-11
284492,"Health Thru Nutrition","0000000956","Standard","Regular","Andrew Johnston","james@htnnaturally.com",2026-06-19
282453,"Stephen Gould - Gahanna","0000000881","Standard","Regular","Andrew Johnston","vendorinvoicing@stephengould.com",2026-03-31
283425,"pacojones","0000000913","Standard","Regular","Andrew Johnston","Pacojones@fakemail.com",2026-05-06
181318,"Health Genesis","0000000599","Standard","Regular","Andrew Johnston","accountspayable@healthgenesis.com;smoses@healthgenesis.com",2024-05-10
275391,"Stephen Gould Cincy","0000000800","Standard","Regular","Andrew Johnston","vendorinvoicing@stephengould.com",2025-11-24
255843,"Willow Boutique","0000000720","Standard","Regular","Andrew Johnston","sommersa1@gmail.com",2025-07-09
256543,"Martini Marketing","0000000736","Standard","Regular","Andrew Johnston","jess@martinimarketing.co;sarah@martinimarketing.co",2025-08-04
256565,"Pincinnati","0000000737","Standard","Regular","Andrew Johnston","chuckwurt@msn.com",2025-08-05
255855,"Leslie's Pools","0000000722","Standard","Regular","Andrew Johnston","ctucker@lesl.com",2025-07-10
259675,"Extreme Microbial Technologies","0000000742","Standard","Regular","Andrew Johnston","sreese@extrememicrobial.com",2025-08-22
259840,"Kreations Flavoring","0000000744","Standard","Regular","Andrew Johnston","carrie@kona-ice.com",2025-08-28
260020,"Applied Food Sciences","0000000747","Standard","Regular","Andrew Johnston","nrumsey@appliedfoods.com",2025-09-05
274793,"Consolidated Mills","0000000792","Standard","Regular","Andrew Johnston","jpiercy@cmillsinc.com",2025-10-29
274801,"Shawn an Dawns","0000000793","Standard","Regular","Andrew Johnston","shawn@sdhwoodshop.com",2025-10-29
274899,"Stephen Gould Indy","0000000794","Standard","Regular","Andrew Johnston","vendorinvoicing@stephengould.com",2025-11-03
281953,"Stephen Gould Charlotte","0000000862","Standard","Regular","Andrew Johnston","vendorinvoicing@stephengould.com",2026-03-12
281790,"Vermont Soap Company","0000000857","Standard","Regular","Andrew Johnston","sharon@vermontsoap.com",2026-03-05
281789,"Chatham Natural Skin Care","0000000856","Standard","Regular","Andrew Johnston","chaundrasmith@gmail.com",2026-03-05
281906,"Colonel De","0000000861","Standard","Regular","Andrew Johnston","ashley@colonelde.com",2026-03-11
95509,"Hinterland Brewing","0000000510","Craft Beer","Regular","Andrew Johnston","claire@hinterlandbeer.com;bill@hinterlandbeer.com",2023-06-02
283600,"Suncoast Loaded Cannon Distilled Spirits, LLC","0000000921","Craft Beer","Regular","Andrew Johnston","stevem@loadedcannonspirits.com",2026-05-13
283428,"labelmatch-CBP","0000000914","Craft Beer","Regular","Andrew Johnston","confirmations@labelmatch.com",2026-05-06
284771,"ghosttown","0000000964","Craft Beer","Regular","Andrew Johnston","john@ghosttownbrewing.com",2026-07-02
284116,"Roosters Brewing Co.","0000000941","Craft Beer","Regular","Andrew Johnston","Shane@roostersBeer.com",2026-06-02
282470,"Breaker Brewing Company","0000000882","Craft Beer","Regular","Andrew Johnston","chris@breakerbrewingcompany.com",2026-03-31
283175,"Alosta Brewing Co.","0000000904","Craft Beer","Regular","Andrew Johnston","byron@alostabrewing.com",2026-04-27
283163,"cannabuzz","0000000902","Craft Beer","Regular","Andrew Johnston","annie@cannabuzz.com",2026-04-27
284587,"Black Rose Brewing Company","0000000959","Craft Beer","Regular","Andrew Johnston","justinbruere@black-rose-brewing.com",2026-06-24
282398,"New Berlin Brewing Co.","0000000879","Craft Beer","Regular","Andrew Johnston","dave@tale25.com",2026-03-30
283167,"Burl Brew","0000000903","Craft Beer","Regular","Andrew Johnston","dustin@theburlky.com",2026-04-27
283192,"belchingbeaver","0000000905","Craft Beer","Regular","Andrew Johnston","megan@belchingbeaver.com",2026-04-27
282364,"The Phoenix Brewing Company","0000000877","Craft Beer","Regular","Andrew Johnston","red@phoenixbrewing.com",2026-03-27
284835,"Traum Brewing","0000000966","Craft Beer","Regular","Andrew Johnston","kyle@traumbrewing.com",2026-07-07
283508,"Municipal Brew Works","0000000917","Craft Beer","Regular","Andrew Johnston","jimgmbw@gmail.com",2026-05-09
282445,"RoHa Brewing Project","0000000880","Craft Beer","Regular","Andrew Johnston","steele.smith@flybrewing.com",2026-03-31
283372,"Appalachian Mountain Brewery","0000000911","Craft Beer","Regular","Andrew Johnston","ians@amb.beer",2026-05-04
283287,"Rock Hill Bev Co","0000000910","Craft Beer","Regular","Andrew Johnston","rockhillbevco@gmail.com",2026-04-30
282770,"Roosters Brewing Co.","0000000894","Craft Beer","Regular","Andrew Johnston","colton@roostersbrewingco.com",2026-04-13
284486,"LemiLee Lemonade LLC","0000000955","Craft Beer","Regular","Andrew Johnston","kick@lemileelemonade.com",2026-06-18
282806,"lazybeachbrewing","0000000896","Craft Beer","Regular","Andrew Johnston","beer@lazybeachbrewing.com",2026-04-14
221695,"Tarnished Hollow Brew","0000000673","Craft Beer","Regular","Andrew Johnston","tarnishedhollow@gmail.com",2025-03-03
196116,"One Barrel Brewing","0000000649","Craft Beer","Regular","Andrew Johnston","adamg@onebarrelbrewing.com",2025-01-07
187320,"Waypost Brewing","0000000632","Craft Beer","Regular","Andrew Johnston","chuck@waypostbeer.com",2024-09-25
187325,"Loose Ends Brewing","0000000633","Craft Beer","Regular","Andrew Johnston","jloose@looseendsbrewing.com",2024-09-25
187409,"Kuhnhenn Brewing","0000000635","Craft Beer","Regular","Andrew Johnston","kbrewery@gmail.com;brewingworld@gmail.com",2024-10-03
187870,"BC's Brewing Co","0000000644","Craft Beer","Regular","Andrew Johnston","brian.brownlow@bcsbrewing.com",2024-11-15
184470,"Nine Giant Brewing","0000000609","Craft Beer","Regular","Andrew Johnston","michael@ninegiant.com",2024-06-26
177130,"Waypost Brewing Company","0000000580","Craft Beer","Regular","Andrew Johnston","",2024-03-26
276095,"Crowler Nation","0000000823","Craft Beer","Regular","Andrew Johnston","creative@crowlernation.com,accounting@crowlernation.com",2026-01-02
275638,"Warped Wing Brewing Co.","0000000808","Craft Beer","Regular","Andrew Johnston","tara@warpedwing.com",2025-12-05
275545,"Barnhouse Brewery","0000000806","Craft Beer","Regular","Andrew Johnston","knoellr@barnhousebrewery.com",2025-12-02
275587,"Saucy Brew Works","0000000807","Craft Beer","Regular","Andrew Johnston","joe.baucco@saucybrewworks.com",2025-12-04
275407,"Mully's Brewery","0000000802","Craft Beer","Regular","Andrew Johnston","cindym@mullysbrewery.com",2025-11-24
275915,"Blue Stallion Brewing Company","0000000820","Craft Beer","Regular","Andrew Johnston","john@bluestallionbrewing.com",2025-12-17
275467,"Northbrook Brewing","0000000803","Craft Beer","Regular","Andrew Johnston","michael@northbrookbrewing.com",2025-11-28
275520,"Fitz","0000000805","Craft Beer","Regular","Andrew Johnston","fitz@m8beer.com",2025-12-02
256350,"Mirror Twin Brewing","0000000729","Craft Beer","Regular","Andrew Johnston","mbrown@mirrortwinbrewing.com",2025-07-28
256254,"Wandering Monsters","0000000727","Craft Beer","Regular","Andrew Johnston","jason@wanderingmonstersbeer.com",2025-07-24
259824,"Wooden Cask Brewing","0000000743","Craft Beer","Regular","Andrew Johnston","karen@woodencask.com",2025-08-27
259981,"Back Mountain Brewing Co","0000000746","Craft Beer","Regular","Andrew Johnston","backmountainbrew@outlook.com",2025-09-04
256515,"Gally's Brewing Company","0000000735","Craft Beer","Regular","Andrew Johnston","matthewspeed0861@hotmail.com",2025-08-01
259568,"Fruition Brewing","0000000739","Craft Beer","Regular","Andrew Johnston","tallula@fruitionbrewing.com",2025-08-19
259951,"Turkey Creek Brewery","0000000745","Craft Beer","Regular","Andrew Johnston","scottw@turkeycreekbrewery.com",2025-09-03
259536,"Terra Nova Beer Co.","0000000738","Craft Beer","Regular","Andrew Johnston","kyle@terranovabeer.co",2025-08-18
259658,"West Sixth Brewing","0000000740","Craft Beer","Regular","Andrew Johnston","billing@westsixth.com",2025-08-22
273682,"North Pillar Brewing Company","0000000761","Craft Beer","Regular","Andrew Johnston","ethan@northpillarbrewing.com",2025-09-16
273488,"Twelve78 Brewing Company","0000000752","Craft Beer","Regular","Andrew Johnston","steve@twelve78brewing.com",2025-09-09
273551,"Legend Brewing Co.","0000000758","Craft Beer","Regular","Andrew Johnston","rick.uhler@legendbrewing.com",2025-09-11
274341,"Evolve Brewing","0000000784","Craft Beer","Regular","Andrew Johnston","keri@evolvebrew.com",2025-10-09
274392,"Breakaway Brewing Company","0000000785","Craft Beer","Regular","Andrew Johnston","chris@breakawaybrewing.us",2025-10-13
274062,"Riverside Rhapsody","0000000778","Craft Beer","Regular","Andrew Johnston","mike@riversiderhapsodybeer.com",2025-10-01
275170,"3 Car Garage Brewing Co","0000000798","Craft Beer","Regular","Andrew Johnston","stuart@drymon.com",2025-11-13
273521,"Screech Owl Brewing","0000000756","Craft Beer","Regular","Andrew Johnston","screechowlbrewing@gmail.com",2025-09-10
274669,"The Brewtorium","0000000789","Craft Beer","Regular","Andrew Johnston","stephen@thebrewtorium.com",2025-10-23
273767,"Afterglow Brewing","0000000763","Craft Beer","Regular","Andrew Johnston","Josh@afterglowbrewing.com",2025-09-19
274117,"Brewery Ardennes","0000000780","Craft Beer","Regular","Andrew Johnston","stacey@breweryardennes.com",2025-10-03
274764,"Obsidian Brewery","0000000791","Craft Beer","Regular","Andrew Johnston","brandi@obsidianbrewery.com",2025-10-28
273509,"Ska Brewing Co.","0000000755","Craft Beer","Regular","Andrew Johnston","kristen@skabrewing.com",2025-09-10
273842,"Ten Eyck Brewing Co","0000000768","Craft Beer","Regular","Andrew Johnston","nicki@teneyckbrewing.com",2025-09-23
273896,"G Five Brewing","0000000773","Craft Beer","Regular","Andrew Johnston","tim@g5brewing.com",2025-09-24
274061,"Flying Bike Cooperative Brewery","0000000777","Craft Beer","Regular","Andrew Johnston","kgooding@flyingbike.coop",2025-10-01
275204,"Ethereal Brewing","0000000799","Craft Beer","Regular","Andrew Johnston","brandon@etherealbrew.com",2025-11-14
274407,"Hi Sign Brewing","0000000786","Craft Beer","Regular","Andrew Johnston","mark@hisignbrewing.com",2025-10-13
281282,"Monnik Beer Co.","0000000849","Craft Beer","Regular","Andrew Johnston","brian@monnikbeer.com",2026-02-16
279173,"Country Boy Brewing","0000000829","Craft Beer","Regular","Andrew Johnston","pete@countryboybrewing.com",2026-01-19
281972,"Cincy Run Club","0000000863","Craft Beer","Regular","Andrew Johnston","bradleyligas99@gmail.com",2026-03-13
281391,"Fireball Designs","0000000854","Craft Beer","Regular","Andrew Johnston","tim@fireballdesigns.com",2026-02-18
282012,"Talyard Brewing Co","0000000865","Craft Beer","Regular","Andrew Johnston","byron.lewis@talyardbrewing.com",2026-03-16
282106,"Vault 202 Brewery","0000000867","Craft Beer","Regular","Andrew Johnston","almartin0713@gmail.com",2026-03-19
279374,"New Magnolia Brewing Co","0000000834","Craft Beer","Regular","Andrew Johnston","shayn.r@newmagnoliabrewing.com",2026-01-27
281347,"Henderson Brew Co.","0000000853","Craft Beer","Regular","Andrew Johnston","doug@hendersonbrewco.com",2026-02-17
281341,"Against the Grain Brewery","0000000851","Craft Beer","Regular","Andrew Johnston","jerry@atgbrewery.com",2026-02-17
279266,"Off the Mall Brewing","0000000832","Craft Beer","Regular","Andrew Johnston","will@jaspin.com",2026-01-22
280453,"The Void Sake","0000000835","Craft Beer","Regular","Andrew Johnston","info@thevoidsake.com",2026-01-30
221734,"Lebonz","0000000674","Private Label","Regular","Andrew Johnston","info@lebonz.com",2025-03-04
282276,"Best Nutritional, LLC","0000000873","Brand-Direct","Regular","Andrew Johnston","kush@bestnllc.com",2026-03-24
283545,"Blix Corporate Image, LLC.","0000000920","Standard","Regular","Logan Day","carol@blixgraphics.com",2026-05-12
283410,"Venture Outdoor Advertising","0000000912","Standard","Regular","Logan Day","randy@voadvertising.com",2026-05-05
93915,"Esoteric Brewing","0000000473","Craft Beer","Regular","Sally Albrecht","brian.jackson@esotericbrewing.com",2023-02-02
125097,"Guggman Haus Brewing","0000000516","Craft Beer","Regular","Sally Albrecht","ryan@guggmanhausbrewing.com",2023-06-20
125124,"Grand Junction Brewing Co.","0000000520","Craft Beer","Regular","Sally Albrecht","tlynch@gjbrew.com",2023-06-22
1016,"Advertising Vehicles","0000000006","Broker","Regular","","csizemore@est03.com;accountsreceivable@est03.com",2015-07-13
1390,"JMG Advertising","0000000233","Broker","Regular","","jeff@jmgadv.com",2017-12-28
1245,"Gateway Outdoor","0000000150","Broker","Regular","","kateheard212@gmail.com",2016-08-19
1372,"Gateway Outdoor- Delaware","0000000215","Broker","Regular","","kateheard212@gmail.com",2017-08-31
45813,"Gateway Outdoor - Lehigh Valley","0000000350","Broker","Regular","","kateheard212@gmail.com",2020-08-03
1018,"Kroma","0000000007","Standard","Regular","","debbie@kromaprinting.com",2015-07-13
1064,"NJCEC","0000000023","Standard","Regular","","danb@njexpocenter.com",2016-01-15
1065,"Promotional Ads","0000000024","Standard","Regular","","dave@promotionalad.com",2016-01-15
1069,"High Tech Signs","0000000028","Standard","Regular","","rob@hightechsignscincinnati.com",2016-01-15
1074,"Intersection Banner Division","0000000033","Standard","Regular","","AP@intersection.com",2016-01-15
1076,"FastPark","0000000035","Standard","Regular","","mmchavez@chavezproperties.com;waddy@thefastpark.com",2016-01-15
1093,"Paction","0000000052","Standard","Regular","","",2016-01-15
1096,"MPress Graphics","0000000055","Standard","Regular","","mmprint@comcast.net",2016-01-15
1097,"Bosch","0000000056","Standard","Regular","","accounts.payable@bosch-automotive.com",2016-01-15
1101,"LTL","0000000060","Standard","Regular","","test@test.com",2016-01-15
1103,"Alternate Transit Advertising","0000000062","Standard","Regular","","Anne@ataoutdoormedia.com",2016-01-15
1106,"Flash Forward Media","0000000065","Standard","Regular","","rob@flashforward-media.com;robf.83@gmail.com",2016-01-15
1119,"Prestone Printing","0000000078","Standard","Regular","","ap@prestoneprint.com",2016-01-15
1120,"AV Anheuser Busch","0000000079","Standard","Regular","","csizemore@advertisingvehicles.com",2016-01-15
1124,"Lee Tran","0000000083","Standard","Regular","","LeeCountyAP@LeeClerk.org",2016-01-15
1132,"D1 Ink","0000000091","Standard","Regular","","invoices@d1ink.com",2016-01-15
1133,"Bench Billboard","0000000092","Standard","Regular","","maddie@benchbillboard.com",2016-01-15
1269,"SGI Graphics Corp","0000000162","Standard","Regular","","supi@sgigraphics.net",2016-12-15
1187,"Harlan","0000000121","Standard","Regular","","mmilliron@harlangraphics.com",2016-04-21
1289,"Norton Outdoor Advertising, Inc.","0000000172","Standard","Regular","","invoices@norton-outdoor.com",2017-01-26
1303,"Alex Bradford","0000000179","Standard","Regular","","albradford92@gmail.com",2017-02-07
1327,"MPG","0000000191","Standard","Regular","","tyra@mpgmediaservices.com",2017-03-24
1351,"Aloysius Butler & Clark","0000000203","Standard","Regular","","accountspayable@abccreative.com",2017-05-11
1365,"Media Transit Inc","0000000210","Standard","Regular","","busads4u@aol.com",2017-06-28
1291,"Laurel Outdoor","0000000173","Standard","Regular","","vectormedia@avidbill.com",2017-01-31
1380,"Kona Ice","0000000223","Standard","Regular","","payables@kona-ice.com",2017-11-02
1420,"M&M Outdoor Inc","0000000257","Standard","Regular","","dmalay@aol.com",2018-09-19
1271,"Ladies Who Print","0000000163","Standard","Regular","","lynne@ladieswhoprint.com;linda@ladieswhoprint.com",2016-12-19
1273,"Outfront Media Transit","0000000164","Standard","Regular","","invoices@outfront.com,heather.thompson@outfront.com",2016-12-19
1305,"Rowland Graphics","0000000180","Standard","Regular","","rowlandgraphics@gmail.com",2017-02-21
1367,"Vector Media","0000000211","Standard","Regular","","vectormedia@avidbill.com",2017-06-30
1389,"Koncordia Group","0000000232","Standard","Regular","","mediateam@onemagnify.com",2017-12-21
1414,"Darrin Day","0000000253","Standard","Regular","","stokes@stokessigns.com",2018-09-05
3201,"Intersection Station Domination","0000000273","Standard","Regular","","AP@intersection.com",2018-11-08
5403,"Serino Coyne","0000000276","Standard","Regular","","angela.trizzino@serinocoyne.com",2018-12-14
29209,"Artonomy Inc","0000000292","Standard","Regular","","accountspayable@artonomyinc.com",2019-04-19
30848,"Stafford Football League","0000000314","Standard","Regular","","EileenFriedrich@hotmail.com",2019-08-21
36566,"Holthaus Lackner Signs","0000000326","Standard","Regular","","charlie@hlsigns.com",2019-12-17
38994,"BLDG","0000000335","Standard","Regular","","Troy@BLDGrefuge.com",2020-02-25
39009,"Vinyl Touch","0000000336","Standard","Regular","","alanzito@vtgmidwest.com;ccortez@vtgmidwest.com",2020-02-27
223755,"Good Hustle Media","0000000709","Standard","Regular","","katie.oberman@goodhustlemedia.com",2025-06-02
223914,"Vinyl Works - Evergreen Trading","0000000713","Standard","Regular","",";lq@vinylworksnj.com;vinyl_works_llc+expenses@assist.intuit.com; tl@vinylworksnj.com;bg@vinylworksnj.com",2025-06-11
95077,"Vector Media - Dallas","0000000498","Standard","Regular","","vectormedia@avidbill.com",2023-05-02
95251,"Austin Ratcliff","0000000502","Standard","Regular","","DJTater24@gmail.com",2023-05-15
69382,"Vinyl Works","0000000393","Standard","Regular","","vinyl_works_llc+expenses@assist.intuit.com; tl@vinylworksnj.com;bg@vinylworksnj.com;lq@vinylworksnj.com",2021-10-15
73879,"Applied Graphics Inc - grafx","0000000404","Standard","Regular","","office@appliedgrafx.com",2022-02-09
74906,"Composition Systems, Inc","0000000408","Standard","Regular","","mmoll@csi2.com",2022-03-14
74940,"Interstate - David Bradley","0000000410","Standard","Regular","","bg@vinylworksnj.com",2022-03-15
74953,"United Healthcare","0000000411","Standard","Regular","","debbie@kromaprinting.com",2022-03-16
73695,"ICU2 Advertising","0000000401","Standard","Regular","","brinsonjr95@aol.com",2022-01-31
73783,"Interstate","0000000403","Standard","Regular","","vinyl_works_llc+expenses@assist.intuit.com;ct@vinylworksnj.com;bg@vinylworksnj.com",2022-02-04
282674,"hardik","0000000890","Standard","Regular","","hardikkumarpanchal0@gmail.com",2026-04-08
282915,"millor","0000000898","Standard","Regular","","rachele.gillmarFAKE@gmail.com",2026-04-17
284662,"prescribed_burn_sauces","0000000963","Standard","Regular","","michael@prescribedburnsauces.com",2026-06-26
283849,"signaturetest","0000000932","Standard","Regular","","",2026-05-22
283850,"signaturetest","0000000933","Standard","Regular","","",2026-05-22
283750,"signaturetest","0000000926","Standard","Regular","","",2026-05-19
283758,"SMP DEV","0000000928","Standard","Regular","","",2026-05-19
284466,"Homeshake","0000000954","Standard","Regular","","jonathan@homeshake.com",2026-06-18
283276,"dustin","0000000909","Standard","Regular","","dustin.sims34@gmail.com",2026-04-30
284581,"Newco Demo 2","0000000958","Standard","Regular","","lirojol898@cadebek.com",2026-06-24
282789,"ispice","0000000895","Standard","Regular","","slepageFAKE@ispicefoods.com",2026-04-14
284087,"Probiotic Productions, LLC","0000000939","Standard","Regular","","adam@probioticproductions.com; accounting@probioticproductions.com",2026-06-01
283969,"Jason's Test Company","0000000937","Standard","Regular","","",2026-05-27
283526,"leeharveys","0000000918","Standard","Regular","","hardysmith@yahoo.com",2026-05-11
283749,"signaturetest","0000000925","Standard","Regular","","",2026-05-19
284797,"stephengoulddl","0000000965","Standard","Regular","","vendorinvoicing@stephengould.com",2026-07-06
92815,"Kona Ice KEV Stock","0000000464","Standard","Regular","","",2022-11-29
93933,"Vinyl Works - Evolve","0000000474","Standard","Regular","","bg@vinylworksnj.com",2023-02-03
89541,"Orange Barrel Media","0000000460","Standard","Regular","","debbie@kromaprinting.com",2022-10-31
93619,"Vinyl Works - SRK","0000000470","Standard","Regular","",";lq@vinylworksnj.com;vinyl_works_llc+expenses@assist.intuit.com; tl@vinylworksnj.com;bg@vinylworksnj.com",2023-01-13
77478,"Sly Fox","0000000413","Standard","Regular","","debbie@kromaprinting.com",2022-03-22
82570,"CG Visual Solutions","0000000452","Standard","Regular","","apcg@circlegraphicsonline.com",2022-08-12
77859,"FanDuel","0000000426","Standard","Regular","","debbie@kromaprinting.com",2022-04-19
78730,"Adgile Media Group","0000000446","Standard","Regular","","ap@adgile.co",2022-06-30
221759,"Capital Design and Printing LLC","0000000676","Standard","Regular","","John.herzog@herzogholdings.com",2025-03-06
196331,"TDP Test Account","0000000656","Standard","Regular","","",2025-01-23
197314,"Vinyl Works - Sly Fox","0000000670","Standard","Regular","",";lq@vinylworksnj.com;vinyl_works_llc+expenses@assist.intuit.com; tl@vinylworksnj.com;bg@vinylworksnj.com",2025-02-25
196319,"Adsposure","0000000655","Standard","Regular","","csizemore@est03.com;accountsreceivable@est03.com",2025-01-23
221772,"Vinyl Works - Orange Barrel","0000000677","Standard","Regular","","bg@vinylworksnj.com",2025-03-07
187635,"Neufidelity","0000000643","Standard","Regular","","",2024-10-25
187117,"TDP Demo","0000000626","Standard","Regular","","demo@fakeemail.net",2024-09-09
187548,"Label Cores - LTL","0000000639","Standard","Regular","","",2024-10-16
181440,"St. Gregory","0000000603","Standard","Regular","","emilyoslica@stgregory.com",2024-05-22
175331,"Icon Meals","0000000569","Standard","Regular","","Accounting@iconmeals.com;todd@iconmeals.com;michael@iconmeals.com",2024-01-19
177133,"Outfront Media/JCDecaux","0000000582","Standard","Regular","","heather.thompson@outfront.com",2024-03-26
175763,"Gametime Decals","0000000574","Standard","Regular","","DeJohna@qgold.com",2024-02-26
175021,"AV Anheuser Busch - Weekly Batch","0000000559","Standard","Regular","","csizemore@est03.com;accountsreceivable@est03.com",2023-12-14
125240,"Empirical - Quan","0000000527","Standard","Regular","","michael@empirical-inc.com",2023-06-30
256076,"Wasserman Live","0000000723","Standard","Regular","","",2025-07-17
256440,"Interstate Outdoor Kroma","0000000733","Standard","Regular","","debbie@kromaprinting.com",2025-07-30
256439,"Spectrum-Horizon","0000000732","Standard","Regular","","debbie@kromaprinting.com",2025-07-30
255846,"Focalpoint Advertising","0000000721","Standard","Regular","","wraps@focalpoint-advertising.com",2025-07-10
256437,"NPRP","0000000730","Standard","Regular","","debbie@kromaprinting.com",2025-07-30
256438,"Bob’s Discount – Horizon","0000000731","Standard","Regular","","debbie@kromaprinting.com",2025-07-30
256283,"DEV Test Company","0000000728","Standard","Regular","","bills@faketestco.net",2025-07-24
273506,"Marketsmith Inc","0000000754","Standard","Regular","","finance@marketsmithinc.com;dlagas@marketsmithinc.com",2025-09-10
281012,"erp comp","152","Standard","Regular","","erpcustomertest@icelandirecstg.com",2026-02-05
280819,"Pacey Comp","0000000836","Standard","Regular","","pacey48607@icubik.com",2026-02-03
281130,"Referred Brewing Co.","0000000844","Standard","Regular","","grapple_snooze9t@icloud.com",2026-02-10
281228,"New Bre","0000000847","Standard","Regular","","waceno7627@newtrea.com",2026-02-13
282243,"High Note Winery","0000000870","Standard","Regular","","highnotewinery@gmail.com",2026-03-23
1341,"L Brands","0000000198","Retail","Regular","","EHeadley@victoria.com",2017-04-25
65443,"GLIMMA Americas LLC","0000000390","Agency","Regular","","mary.bulla@glimma.com",2021-09-16
275766,"Outfront - Columbus","0000000812","Agency","Regular","","invoices@outfront.com",2025-12-11
223148,"Elevated Label Experience","0000000702","Craft Beer","Regular","","scurran@ltlco.com",2025-05-07
283808,"xgustavoph","0000000929","Craft Beer","Regular","","fc0607aed447617f_b1tches@gunna.bio",2026-05-20
284397,"nowafan166","0000000946","Craft Beer","Regular","","nowafan166@afterdo.com",2026-06-16
284374,"wadig33367","0000000944","Craft Beer","Regular","","wadig33367@preparmy.com",2026-06-15
284872,"lowskybrewing","0000000968","Craft Beer","Regular","","garymavis@gmail.com",2026-07-08
284402,"yimab14241","0000000951","Craft Beer","Regular","","yimab14241@afterdo.com",2026-06-16
284580,"DevCo Testing Inc","0000000957","Craft Beer","Regular","","devco@fakemail.net",2026-06-23
284399,"yopim74180","0000000948","Craft Beer","Regular","","yopim74180@afterdo.com",2026-06-16
283886,"onrotation","0000000935","Craft Beer","Regular","","jacob@on-rotation.com",2026-05-26
284400,"kerak22295","0000000949","Craft Beer","Regular","","kerak22295@afterdo.com",2026-06-16
283840,"gustavopasinde","0000000931","Craft Beer","Regular","","aa9b6489ceafcb98_b1tches@gunna.bio",2026-05-21
283811,"gustavocarts","0000000930","Craft Beer","Regular","","365e0f467668577d_b1tches@gunna.bio",2026-05-20
284404,"yasolo comp","0000000952","Craft Beer","Regular","","yasolo5497@afterdo.com",2026-06-16
284427,"renel comp","0000000953","Craft Beer","Regular","","renel51557@afterdo.com",2026-06-17
284401,"cilowic331","0000000950","Craft Beer","Regular","","cilowic331@aratrin.com",2026-06-16
282193,"smp_dev","0000000869","Craft Beer","Regular","","smpdev@fakemail.net",2026-03-23
281158,"signaturetest","0000000845","Craft Beer","Regular","","signaturetest@icelandirecstg.com",2026-02-11
94071,"Trillium Foods","0000000477","Private Label","Regular","","invoices-cincinnati@trilliumfoods.com;JRUSSELL@trilliumfoods.com",2023-02-14
174860,"The Honey Blossom","0000000555","Private Label","Regular","","info@thehoneyblossom.com;design@thehoneyblossom.com",2023-11-29
222267,"BioWell Labs","0000000681","Brand-Direct","Regular","","it@biowelllabs.ca;logistics@biowelllabs.ca;accounting@biowelllabs.ca",2025-03-27
186479,"Great Western Products","0000000611","Brand-Direct","Regular","","Donna.Joiner@pfgc.com",2024-07-11
256225,"Supplement Manufacturing Partners","0000000726","Brand-Direct","Regular","","AP@smpnutra.com;purchasing@smpnutra.com",2025-07-24
282259,"Proempirellc.com","0000000871","Brand-Direct","Regular","","admin@proempirellc.com",2026-03-24
1008,"Intersection","0000000002","Standard","Special","","ap@intersection.com",2015-07-13
175618,"LTL - No Charge Reprints","0000000573","Standard","Special","","",2024-02-14
